Uniqueid,Common_Name,Scientific_Name,Second_Common_Name,eBird_Code,Name_Code,Old_Code,Habitat_specialization,Migratory_Status,Foraging_pref_1,Foraging_pref_2,Diet_type_1,Diet_type_21,Indian Spot-billed Duck,Anas poecilorhyncha,,ISBD,ISBD,,Wetland,Resident,Aquatic,,Omnivorous,2,Indian Peafowl,Pavo cristatus,,INPE,INPE,,Generalist,Resident,Ground,,Omnivorous,3,Red Spurfowl,Galloperdix spadicea,,RESP,RESP,,Woodland,Resident,Understory,,Omnivorous,4,Painted Spurfowl,Galloperdix lunulata,,PASP,PASP,,Woodland,Resident,Understory,,Omnivorous,5,Rain Quail ,Coturnix coromandelica,,RAQU,RAQU,,Grassland,Resident,Ground,,Granivorous,6,Jungle Bush-Quail,Perdicula asiatica,,JBQU,JBQU,,Generalist,Resident,Ground,,Granivorous,7,Painted Francolin,Francolinus pictus,,PAFR,PAFR,,Grassland,Resident,Ground,,Omnivorous,8,Grey Francolin,Francolinus pondicerianus,,GRFR,GRFR,,Grassland,Resident,Ground,,Omnivorous,9,Red Junglefowl,Gallus gallus,,REJU,REJU,,Woodland,Resident,Understory,,Omnivorous,10,Oriental Turtle-Dove,Streptopelia orientalis,,OTDO,OTDO,,Generalist,Resident,Ground,,Granivorous,11,Eurasian Collared-Dove,Streptopelia decaocto,,ECDO,ECDO,,Generalist,Resident,Ground,,Granivorous,12,Spotted Dove,Streptopelia chinensis,Red Turtle-Dove,SPDO,SPDO,,Generalist,Resident,Ground,,Granivorous,13,Laughing Dove,Streptopelia senegalensis,Little Brown Dove,LADO,LADO,,Generalist,Resident,Ground,,Granivorous,14,Yellow-footed Green-Pigeon,Treron phoenicopterus,,YFGP,YFGP,,Generalist,Resident,Arboreal,,Frugivorous,15,Greater Coucal,Centropus sinensis,,GRCO,GRCO,,Generalist,Resident,Ground,Arboreal,Omnivorous,16,Sirkeer Malkoha,Taccocua leschenaultii,,SIMA,SIMA,,Scrub,Resident,Ground,,Insectivorous,17,Pied Cuckoo,Clamator jacobinus,Jacobin Cuckoo,PICU,PICU,,Generalist,Summer Migrant,Arboreal,,Insectivorous,18,Asian Koel,Eudynamys scolopaceus,,ASKO,ASKO,,Generalist,Resident,Arboreal,,Frugivorous,19,Banded Bay Cuckoo,Cacomantis sonneratii,,BBCU,BBCU,,Woodland,Resident,Arboreal,,Insectivorous,20,Grey-bellied Cuckoo,Cacomantis passerinus,,GBCU,GBCU,,Woodland,Resident,Ground,,Insectivorous,21,Fork-tailed Drongo-Cuckoo,Surniculus dicruroides,,FTDC,FTDC,,Woodland,Summer Migrant,Arboreal,,Insectivorous,22,Common Hawk-Cuckoo,Hierococcyx varius,,CHCU,CHCU,,Woodland,Resident,Arboreal,,Insectivorous,23,Indian Cuckoo,Cuculus micropterus,,INCU,INCU,,Woodland,Resident,Arboreal,,Insectivorous,24,Common Cuckoo,Cuculus canorus,,COCU,COCU,,Generalist,Summer Migrant,Arboreal,,Insectivorous,25,Jungle Nightjar,Caprimulgus indicus,Indian Jungle Nightjar,JUNI,JUNI,,Woodland,Resident, Aerial,,Insectivorous,26,Indian Nightjar,Caprimulgus asiaticus,,INNI,INNI,,Generalist,Resident, Aerial,,Insectivorous,27,Savanna Nightjar,Caprimulgus affinis,,SANI,SANI,,Grassland,Resident, Aerial,,Insectivorous,28,Crested Treeswift,Hemiprocne coronata,,CRTR,CRTR,,Woodland,Resident, Aerial,,Insectivorous,29,White-breasted Waterhen,Amaurornis phoenicurus,,WBWA,WBWA,,Generalist,Resident,Ground,,Omnivorous,30,Indian Thick-knee,Burhinus indicus,Indian Stone-curlew,ITKN,ITKN,,Generalist,Resident,Ground,,Insectivorous,31,Yellow-wattled Lapwing,Vanellus malabaricus,,YWLA,YWLA,,Grassland,Resident,Ground,,Insectivorous,32,Red-wattled Lapwing,Vanellus indicus,,RWLA,RWLA,,Generalist,Resident,Ground,,Insectivorous,33,Green Sandpiper,Tringa ochropus,,GESA,GESA,,Wetland,Winter Migrant,Aquatic,,Insectivorous,34,Barred Buttonquail,Turnix suscitator,,BABU,BABU,,Generalist,Resident,Ground,,Granivorous,35,Little Cormorant,Microcarbo niger,,LICO,LICO,,Wetland,Resident,Aquatic,,Piscivorous,36,Cattle Egret,Bubulcus ibis,,CAEG,CAEG,,Wetland,Resident,Ground,,Insectivorous,37,Indian Pond-Heron,Ardeola grayii,,IPHE,IPHE,,Generalist,Resident,Aquatic,,Carnivorous,38,Red-naped Ibis,Pseudibis papillosa,Indian Black Ibis,RNIB,RNIB,,Generalist,Resident,Ground,,Carnivorous,39,Black-winged Kite,Elanus caeruleus,Black-shouldered Kite,BWKI,BWKI,,Grassland,Resident,Ground,,Carnivorous,40,Oriental Honey-buzzard,Pernis ptilorhynchus,Crested Honey Buzzard,OHBU,OHBU,,Woodland,Resident,Ground, Arboreal,Carnivorous,41,Crested Serpent-Eagle,Spilornis cheela,,CSEA,CSEA,,Woodland,Resident,Ground, Arboreal,Carnivorous,42,Short-toed Snake-Eagle,Circaetus gallicus,,STEA,STEA,,Generalist,Resident,Ground,,Carnivorous,43,Changeable Hawk-Eagle,Nisaetus cirrhatus,,CHEA,CHEA,,Woodland,Resident,Ground, Arboreal,Carnivorous,44,Bonelli's Eagle,Aquila fasciata,,BOEA,BOEA,,Woodland,Resident,Ground, Arboreal,Carnivorous,45,White-eyed Buzzard,Butastur teesa,,WEBU,WEBU,,Generalist,Resident,Ground,,Carnivorous,46,Shikra,Accipiter badius,,SHIK,SHIK,,Generalist,Resident,Ground, Arboreal,Carnivorous,47,Barn Owl,Tyto alba,,BAOW,BAOW,,Generalist,Resident,Ground,,Carnivorous,48,Indian Scops-Owl,Otus bakkamoena,Collared Scops-Owl,ISOW,ISOW,,Woodland,Resident,Ground, Aerial,Insectivorous,49,Oriental Scops-Owl,Otus sunia,,OSOW,OSOW,,Woodland,Resident,Ground, Aerial,Insectivorous,50,Rock Eagle-Owl,Bubo bengalensis,Indian Eagle-Owl,REOW,IEOW,,Generalist,Resident,Ground,,Carnivorous,51,Jungle Owlet,Glaucidium radiatum,,JUOW,JUOW,,Woodland,Resident,Ground, Aerial,Insectivorous,52,Spotted Owlet,Athene brama,,SPOW,SPOW,,Generalist,Resident,Ground, Aerial,Carnivorous,53,Mottled Wood-Owl,Strix ocellata,,MWOW,MWOW,,Woodland,Resident,Ground,,Carnivorous,54,Brown Hawk-Owl,Ninox scutulata,,BHOW,BHOW,,Woodland,Resident,Ground, Aerial,Insectivorous,55,Eurasian Hoopoe,Upupa epops,,EUHO,EUHO,,"Grassland, Scrub",Resident,Ground,,Insectivorous,56,Indian Grey Hornbill,Ocyceros birostris,,IGHO,IGHO,,Generalist,Resident,Arboreal,,Frugivorous,57,Malabar Pied-Hornbill,Anthracoceros coronatus,,MPHO,MPHO,,Woodland,Resident,Arboreal,,Frugivorous,58,Common Kingfisher,Alcedo atthis,Small Blue Kingfisher,COKI,COKI,,Wetland,Resident,Aquatic,,Piscivorous,59,Stork-billed Kingfisher,Pelargopsis capensis,,SBKI,SBKI,,Wetland,Resident,Aquatic,,Piscivorous,60,White-throated Kingfisher,Halcyon smyrnensis,,WTKI,WTKI,,Generalist,Resident,Ground,,Carnivorous,61,Blue-bearded Bee-eater,Nyctyornis athertoni,,BBBE,BBBE,,Woodland,Resident,Aerial,,Insectivorous,62,Green Bee-eater,Merops orientalis,,GBEA,GBEA,,Generalist,Resident,Aerial,,Insectivorous,63,Indian Roller,Coracias benghalensis,,INRO,INRO,,Generalist,Resident,Ground,,Carnivorous,64,Coppersmith Barbet,Psilopogon haemacephalus,,COBA,COBA,,Woodland,Resident,Arboreal,,Frugivorous,65,Brown-headed Barbet,Psilopogon zeylanicus,,BHBA,BHBA,,Generalist,Resident,Arboreal,,Frugivorous,66,Brown-capped Pygmy Woodpecker,Yungipicus nanus,Indian Pygmy Woodpecker,BCPW,BCPW,,Woodland,Resident,Arboreal,,Insectivorous,67,Yellow-crowned Woodpecker,Leiopicus mahrattensis,,YCWO,YCWO,,Woodland,Resident,Arboreal,,Insectivorous,68,White-naped Woodpecker,Chrysocolaptes festivus,,WNWO,WNWO,,Woodland,Resident,Arboreal,,Insectivorous,69,Black-rumped Flameback,Dinopium benghalense,Lesser Goldenbacked Woodpecker,BRFL,BRFL,,Generalist,Resident,Arboreal,,Insectivorous,70,Eurasian Kestrel,Falco tinnunculus,Common Kestrel,EUKE,EUKE,,Generalist,Winter Migrant,Ground,,Carnivorous,71,Alexandrine Parakeet,Psittacula eupatria,,ALPA,ALPA,,Woodland,Resident,Arboreal,,Frugivorous,72,Rose-ringed Parakeet,Psittacula krameri,,RRPA,RRPA,,Generalist,Resident,Arboreal,,Frugivorous,Granivorous73,Plum-headed Parakeet,Psittacula cyanocephala,,PHPA,PHPA,,Woodland,Resident,Arboreal,,Frugivorous,Granivorous74,Indian Pitta,Pitta brachyura,,INPI,INPI,,Woodland,Summer Migrant,Ground,,Insectivorous,75,Small Minivet,Pericrocotus cinnamomeus,,SMMI,SMMI,,Woodland,Resident,Arboreal,,Insectivorous,76,Scarlet Minivet,Pericrocotus speciosus,,SCMI,SCMI,,Woodland,Resident,Arboreal,,Insectivorous,77,Large Cuckooshrike,Coracina macei,,LACU,LACU,,Woodland,Resident,Arboreal,Aerial,Insectivorous,78,Indian Golden Oriole,Oriolus kundoo,,IGOR,IGOR,,Generalist,Resident,Arboreal,,Frugivorous,79,Black-hooded Oriole,Oriolus xanthornus,,BHOR,BHOR,,Woodland,Resident,Arboreal,,Frugivorous,80,Common Woodshrike,Tephrodornis pondicerianus,,COWO,COWO,,Woodland,Resident,Arboreal,,Insectivorous,81,Common Iora,Aegithina tiphia,,COIO,COIO,,Woodland,Resident,Arboreal,,Insectivorous,82,Spot-breasted Fantail,Rhipidura albogularis,White-spotted Fantail,SBFA,SBFA,,Woodland,Resident,Aerial,,Insectivorous,83,White-browed Fantail,Rhipidura aureola,,WBFA,WBFA,,Woodland,Resident,Aerial,,Insectivorous,84,Black Drongo,Dicrurus macrocercus,,BLDR,BLDR,,Generalist,Resident,Aerial, Ground,Insectivorous,85,Ashy Drongo,Dicrurus leucophaeus,,ASDR,ASDR,,Woodland,Resident,Aerial,,Insectivorous,86,White-bellied Drongo,Dicrurus caerulescens,,WBDR,WBDR,,Woodland,Resident,Aerial,,Insectivorous,87,Hair-crested Drongo,Dicrurus hottentottus,spangled drongo,HCDR,HCDR,,Woodland,Resident,Aerial,,Insectivorous,Nectivorous88,Greater Racket-tailed Drongo,Dicrurus paradiseus,,GRTD,GRTD,RTDR,Tropical Forest,Resident,Aerial,,Insectivorous,89,Black-naped Monarch,Hypothymis azurea,,BNMO,BNMO,,Woodland,Resident,Aerial,,Insectivorous,90,Indian Paradise-Flycatcher,Terpsiphone paradisi,,IPFL,IPFL,,Woodland,Resident,Aerial,,Insectivorous,91,Bay-backed Shrike,Lanius vittatus,,BBSH,BBSH,,Generalist,Resident,Ground,,Insectivorous,92,Long-tailed Shrike,Lanius schach,,LTSH,LTSH,,Generalist,Resident,Ground,,Insectivorous,93,Rufous Treepie,Dendrocitta vagabunda,,RUTR,RUTR,,Generalist,Resident,Ground,Arboreal,Omnivorous,94,House Crow,Corvus splendens,,HOCR,HOCR,,Generalist,Resident,Ground,,Omnivorous,95,Large-billed Crow,Corvus macrorhynchos,,LBCR,LBCR,,Generalist,Resident,Ground,,Omnivorous,96,Grey-headed Canary-Flycatcher,Culicicapa ceylonensis,,GHCF,GHCF,,Woodland,Winter Migrant,Aerial,,Insectivorous,97,Cinereous Tit,Parus cinereus,Great Tit,CITI,CITI,,Generalist,Resident,Arboreal,,Insectivorous,98,Indian Yellow Tit,Machlolophus aplonotus,,IYTI,IYTI,,Woodland,Resident,Arboreal,,Insectivorous,99,Common Tailorbird,Orthotomus sutorius,,COTA,COTA,,Generalist,Resident,Understory,,Insectivorous,100,Grey-breasted Prinia,Prinia hodgsonii,,GBPR,GBPR,,Generalist,Resident,Understory,,Insectivorous,101,Jungle Prinia,Prinia sylvatica,,JUPR,JUPR,,Generalist,Resident,Understory,,Insectivorous,102,Ashy Prinia,Prinia socialis,,ASPR,ASPR,,Generalist,Resident,Understory,,Insectivorous,103,Plain Prinia,Prinia inornata,,PLPR,PLPR,,Generalist,Resident,Understory,,Insectivorous,104,Zitting Cisticola,Cisticola juncidis,,ZICI,ZICI,,Grassland,Resident,Ground,,Insectivorous,105,Booted Warbler,Iduna caligata,,BOWA,BOWA,,Generalist,Winter Migrant,Ground,,Insectivorous,106,Sykes's Warbler,Iduna rama,,SYWA,SYWA,,Scrub,Winter Migrant,Arboreal,,Insectivorous,107,Blyth's Reed Warbler,Acrocephalus dumetorum,,BRWA,BRWA,,Generalist,Winter Migrant,Arboreal,,Insectivorous,108,Clamorous Reed Warbler,Acrocephalus stentoreus,Indian Great Reed Warbler,CRWA,CRWA,,Wetland,Winter Migrant,Understory,,Insectivorous,109,Red-rumped Swallow,Cecropis daurica,,RRSW,RRSW,,Generalist,Resident,Aerial,,Insectivorous,110,Red-vented Bulbul,Pycnonotus cafer,,RVBU,RVBU,,Generalist,Resident,Arboreal,Understory,Omnivorous,111,Red-whiskered Bulbul,Pycnonotus jocosus,,RWBU,RWBU,,Generalist,Resident,Arboreal,Understory,Omnivorous,112,White-browed Bulbul,Pycnonotus luteolus,,WBBU,WBBU,,Woodland,Resident,Arboreal,Understory,Frugivorous,113,Hume's Warbler,Phylloscopus humei,,HUWA,HUWA,,Woodland,Winter Migrant,Arboreal,,Insectivorous,114,Sulphur-bellied Warbler,Phylloscopus griseolus,,SBWA,SBWA,,Generalist,Winter Migrant,Ground,,Insectivorous,115,Tickell's Leaf Warbler,Phylloscopus affinis,,TLWA,TLWA,,Generalist,Winter Migrant,Arboreal,,Insectivorous,116,Common Chiffchaff,Phylloscopus collybita,,COCH,COCH,,Generalist,Winter Migrant,Arboreal,,Insectivorous,117,Green Warbler ,Phylloscopus nitidus,,GRWA,GRNW,,Woodland,Winter Migrant,Arboreal,,Insectivorous,118,Greenish Warbler,Phylloscopus trochiloides,,GRWA,GRWA,,Woodland,Winter Migrant,Arboreal,,Insectivorous,119,Lesser Whitethroat,Sylvia curruca,,LEWH,LEWH,,Scrub,Winter Migrant,Arboreal,Understory,Insectivorous,120,Yellow-eyed Babbler,Chrysomma sinense,,YEBA,YEBA,,Generalist,Resident,Understory,,Insectivorous,121,Indian White-eye,Zosterops palpebrosus,Oriental White-eye,IWEY,IWEY,,Generalist,Resident,Arboreal,,Omnivorous,122,Tawny-bellied Babbler,Dumetia hyperythra,,TBBA,TBBA,,Generalist,Resident,Ground,,Insectivorous,123,Indian Scimitar-Babbler,Pomatorhinus horsfieldii,,ISBA,ISBA,,Woodland,Resident,Ground,,Insectivorous,124,Puff-throated Babbler,Pellorneum ruficeps,,PTBA,PTBA,,Woodland,Resident,Ground,,Insectivorous,125,Brown-cheeked Fulvetta,Alcippe poioicephala,,BCFU,BCFU,,Woodland,Resident,Understory,,Insectivorous,126,Common Babbler,Turdoides caudata,,COBA,CBAB,,Generalist,Resident,Ground,,Omnivorous,127,Large Grey Babbler,Turdoides malcolmi,,LGBA,LGBA,,Generalist,Resident,Ground,,Omnivorous,128,Jungle Babbler,Turdoides striata,,JUBA,JUBA,,Generalist,Resident,Ground,,Insectivorous,129,Indian Nuthatch,Sitta castanea,,INNU,INNU,,Woodland,Resident,Arboreal,,Insectivorous,130,Velvet-fronted Nuthatch,Sitta frontalis,,VFNU,VFNU,,Woodland,Resident,Arboreal,,Insectivorous,131,Asian Pied Starling,Gracupica contra,Pied Myna,APST,APST,,Generalist,Resident,Ground,,Omnivorous,132,Brahminy Starling,Sturnia pagodarum,,BRST,BRST,,Generalist,Resident,Ground,,Omnivorous,133,Chestnut-tailed Starling,Sturnia malabarica,,CTST,CTST,,Woodland,Resident,Arboreal,Understory,Omnivorous,134,Common Myna,Acridotheres tristis,,COMY,COMY,,Generalist,Resident,Ground,,Omnivorous,135,Jungle Myna,Acridotheres fuscus,,JUMY,JUMY,,Generalist,Resident,Ground,,Omnivorous,136,Orange-headed Thrush,Geokichla citrina,,OHTH,OHTH,,Generalist,Resident,Ground,,Insectivorous,137,Indian Blackbird,Turdus simillimus,,INBL,INBL,,Generalist,Summer Migrant,Ground,,Omnivorous,138,Tickell's Thrush,Turdus unicolor,,TITH,TITH,,Woodland,Summer Migrant,Ground,,Insectivorous,139,Indian Robin,Copsychus fulicatus,,INRO,IROB,,Generalist,Resident,Ground,,Insectivorous,140,Oriental Magpie-Robin,Copsychus saularis,,OMRO,OMRO,,Generalist,Resident,Ground,,Insectivorous,141,White-rumped Shama,Copsychus malabaricus,,WRSH,WRSH,,Woodland, Resident,Ground,,Insectivorous,142,Tickell's Blue Flycatcher,Cyornis tickelliae,,TBFL,TBFL,,Woodland, Resident,Aerial,,Insectivorous,143,Verditer Flycatcher,Eumyias thalassinus,,VEFL,VEFL,,Woodland,Winter Migrant,Aerial,,Insectivorous,144,Malabar Whistling-Thrush,Myophonus horsfieldii,,MWTH,MWTH,,Tropical Forest,Resident,Ground,,Insectivorous,145,Siberian Rubythroat,Calliope calliope,,SIRU,SIRU,,Wetland,Winter Migrant,Ground,,Insectivorous,146,Ultramarine Flycatcher,Ficedula superciliaris,,ULFL,ULFL,,Woodland,Winter Migrant,Arboreal,,Insectivorous,147,Taiga Flycatcher,Ficedula albicilla,Red-throated Flycatcher,TAFL,TAFL,,Woodland,Winter Migrant,Aerial,,Insectivorous,148,Red-breasted Flycatcher,Ficedula parva,,RBFL,RBFL,,Woodland,Winter Migrant,Aerial,,Insectivorous,149,Black Redstart,Phoenicurus ochruros,,BLRE,BLRE,,Generalist,Resident,Ground,,Insectivorous,150,Siberian Stonechat,Saxicola maurus,Common Stonechat,SIST,SIST,,Generalist,Resident,Ground,,Insectivorous,151,Pied Bushchat,Saxicola caprata,,PIBU,PIBU,,Generalist,Resident,Ground,,Insectivorous,152,Grey Bushchat,Saxicola ferreus,,GRBU,GRBU,,Generalist,Resident,Ground,,Insectivorous,153,Brown Rock Chat,Oenanthe fusca,Indian chat,BRCH,BRCH,,Generalist,Resident,Ground,,Insectivorous,154,Thick-billed Flowerpecker,Dicaeum agile,,TBFL,TBFP,,Generalist,Resident,Arboreal,,Omnivorous,155,Pale-billed Flowerpecker,Dicaeum erythrorhynchos,,PBFL,PBFL,,Generalist,Resident,Arboreal,,Omnivorous,156,Purple-rumped Sunbird,Leptocoma zeylonica,,PRSU,PRSU,,Generalist,Resident,Arboreal,,Nectivorous,Insectivorous157,Purple Sunbird,Cinnyris asiaticus,,PUSU,PUSU,,Generalist,Resident,Arboreal,,Nectivorous,Insectivorous158,Jerdon's Leafbird,Chloropsis jerdoni,Jerdon's Chloropsis,JELE,JELE,,Woodland, Resident,Arboreal,,Omnivorous,159,Golden-fronted Leafbird,Chloropsis aurifrons,Golden-fronted Chloropsis,GFLE,GFLE,,Woodland, Resident,Arboreal,,Omnivorous,160,Baya Weaver,Ploceus philippinus,,BAWE,BAWE,,Generalist,Resident,Ground,,Granivorous,161,Indian Silverbill,Euodice malabarica,White-throated Munia,INSI,INSI,,Generalist,Resident,Ground,,Granivorous,162,Scaly-breasted Munia,Lonchura punctulata,Spotted Munia,SBMU,SBMU,,Generalist,Resident,Ground,,Granivorous,163,House Sparrow,Passer domesticus,,HOSP,HOSP,,Generalist,Resident,Ground,,Granivorous,164,Yellow-throated Sparrow,Gymnoris xanthocollis,Chestnut-shouldered Petronia,CSPE,CSPE,,Woodland,Resident,Ground,,Granivorous,165,Grey Wagtail,Motacilla cinerea,,GRWA,GREW,GRWA,Generalist,Winter Migrant,Ground,,Insectivorous,166,Western Yellow Wagtail,Motacilla flava,,WYWA,WYWA,,Generalist,Winter Migrant,Ground,,Insectivorous,167,White-browed Wagtail,Motacilla maderaspatensis,Large Pied Wagtail,WBWA,WBRW,WBWA,Generalist,Resident,Ground,,Insectivorous,168,Paddyfield Pipit,Anthus rufulus,,PAPI,PAPI,,Grassland,Resident,Ground,,Insectivorous,169,Tree Pipit,Anthus trivialis,,TRPI,TRPI,,Generalist,Winter Migrant,Ground,,Insectivorous,170,Olive-backed Pipit,Anthus hodgsoni,,OBPI,OBPI,,Generalist,Winter Migrant,Ground,,Insectivorous,171,Northern Plains Langur,Semnopithecus entellus,,NA,NPLA,,,,,,,172,Rhesus Macaque,Macaca mulatta,,NA,RHMA,,,,,,,173,Three-striped Palm Squirrel,Funambulus palmarum,,NA,TSPS,,,,,,,174,Spotted Deer,Axis axis,,NA,SPDE,,,,,,,175,Barking Deer,Muntiacus muntjak,,NA,BADE,,,,,,,176,Sambhar Deer,Rusa unicolor,,NA,SADE,,,,,,,177,Golden Jackal,Canis aureus,,NA,GOJA,,,,,,,178,Blue Bull,Boselaphus tragocamelus,,NA,BLBU,,,,,,,179,Gaur,Bos gaurus,,NA,GAUR,,,,,,,180,Wild boar ,Sus scrofa,,NA,WIBO,,,,,,,